{"cameraMode":{"drawMode":0,"name":"Shaded","section":"Shading Mode"},"sceneLighting":true,"audioPlay":false,"sceneViewState":{"showFog":false,"showMaterialUpdate":false,"showSkybox":false,"showFlares":false,"showImageEffects":true,"showParticleSystems":false},"in2DMode":false,"pivot":{"x":205.64239501953126,"y":-1.961719036102295,"z":298.24237060546877},"rotation":{"x":-0.1311333030462265,"y":-0.72738116979599,"z":0.14507530629634858,"w":-0.6578957438468933},"size":10.807967185974121,"orthographic":false}